blockchain,quest,status,reward,reward_token,participants,total,participation_percent,filled_percentage,usd_distributed,start_time,end_time,etherscan,unclaimed_receipts,quest_type,start_timestamp
optimism,"<a href=""https://rabbithole.gg/quests?quest=73418075-df2e-47f7-8027-a4216c09d56a"" target=""_blank"" >73418075 [ğŸ‡]</a>",UPCOMING â²ï¸,0.15,OP,0,2000,0,0,,28-04-2023 23:00,29-04-2023 21:00,"<a href=""https://optimistic.etherscan.io/address/0xc0625224b2f4e147c8dcc8868aad479e1f5769ce"" target=""_blank"" >0xc062..ğŸ”—</a>",0,erc20,4/28/23 23:00
optimism,"<a href=""https://rabbithole.gg/quests?quest=22722558-63a7-4643-85de-14f43e7026e0"" target=""_blank"" >22722558 [ğŸ‡]</a>",ACTIVE ğŸŸ¢,0.15,OP,57,2000,0.0285,0.0285,,27-04-2023 23:00,28-04-2023 22:00,"<a href=""https://optimistic.etherscan.io/address/0xf0f2ff51d70378902ad721b516147ead8c41b3b5"" target=""_blank"" >0xf0f2..ğŸ”—</a>",12,erc20,4/27/23 23:00
optimism,"<a href=""https://rabbithole.gg/quests?quest=8e780292-73c8-4fda-a63e-1cd41a7eb1eb"" target=""_blank"" >8e780292 [ğŸ‡]</a>",CLOSED ğŸ”’,0.13,OP,1027,2500,0.4108,0.4108,243.4536,26-04-2023 23:00,27-04-2023 23:00,"<a href=""https://optimistic.etherscan.io/address/0x331e681d69b85f3aaa5c7a3890fe19cd9b628eff"" target=""_blank"" >0x331e..ğŸ”—</a>",160,erc20,4/26/23 23:00
optimism,"<a href=""https://rabbithole.gg/quests?quest=d9f7aeb7-3edf-47b3-9840-8015a41170c5"" target=""_blank"" >d9f7aeb7 [ğŸ‡]</a>",CLOSED ğŸ”’,0.13,OP,0,2500,0,0,0,26-04-2023 23:00,27-04-2023 22:30,"<a href=""https://optimistic.etherscan.io/address/0x7356dce5ea3c8736f8b755e399e21ec49f18aea2"" target=""_blank"" >0x7356..ğŸ”—</a>",0,erc20,4/26/23 23:00
optimism,"<a href=""https://rabbithole.gg/quests?quest=8cd4031a-f674-495f-93cd-dde8957114a9"" target=""_blank"" >8cd4031a [ğŸ‡]</a>",CLOSED ğŸ”’,0.15,OP,337,1500,0.224666667,0.224666667,92.4,25-04-2023 23:45,26-04-2023 22:00,"<a href=""https://optimistic.etherscan.io/address/0xe2d28054fe455db0099cbdbc301872c520b603a9"" target=""_blank"" >0xe2d2..ğŸ”—</a>",62,erc20,4/25/23 23:45
optimism,"<a href=""https://rabbithole.gg/quests?quest=77b8eb43-28f8-4327-b5b4-636d7333570a"" target=""_blank"" >77b8eb43 [ğŸ‡]</a>",CLOSED ğŸ”’,0.12,OP,1487,2000,0.7435,0.7435,347.88,24-04-2023 23:00,25-04-2023 22:00,"<a href=""https://optimistic.etherscan.io/address/0x40cfbee1b60a9539bdfea386a8337f3d897aa55e"" target=""_blank"" >0x40cf..ğŸ”—</a>",187,erc20,4/24/23 23:00
optimism,"<a href=""https://rabbithole.gg/quests?quest=61b8ac13-b173-4d67-ab62-efd96fa6670f"" target=""_blank"" >61b8ac13 [ğŸ‡]</a>",CLOSED ğŸ”’,0.16,OP,1367,2000,0.6835,0.6835,413.248,23-04-2023 23:00,24-04-2023 22:23,"<a href=""https://optimistic.etherscan.io/address/0xc54920bd99e8656ec6a24a5037c25547e2eea5d7"" target=""_blank"" >0xc549..ğŸ”—</a>",193,erc20,4/23/23 23:00
optimism,"<a href=""https://rabbithole.gg/quests?quest=cedae94e-c2f2-49e3-97f9-8c58497a5da1"" target=""_blank"" >cedae94e [ğŸ‡]</a>",CLOSED ğŸ”’,0.15,OP,1244,3000,0.414666667,0.414666667,360.36,22-04-2023 23:00,23-04-2023 22:45,"<a href=""https://optimistic.etherscan.io/address/0xde47357a78b493f8845f034657db2676b3d6c34b"" target=""_blank"" >0xde47..ğŸ”—</a>",204,erc20,4/22/23 23:00
optimism,"<a href=""https://rabbithole.gg/quests?quest=b82a16d0-2bb9-4c49-bba0-3b736500e3dc"" target=""_blank"" >b82a16d0 [ğŸ‡]</a>",CLOSED ğŸ”’,0.1,OP,135,5000,0.027,0.027,25.992,21-04-2023 23:00,24-04-2023 23:00,"<a href=""https://optimistic.etherscan.io/address/0x4104512404738c0d1c45220a4dd908b289f0e3e0"" target=""_blank"" >0x4104..ğŸ”—</a>",21,erc20,4/21/23 23:00
optimism,"<a href=""https://rabbithole.gg/quests?quest=1fa67bea-384c-482e-adb6-2954196aeed7"" target=""_blank"" >1fa67bea [ğŸ‡]</a>",CLOSED ğŸ”’,0.16,OP,1453,2500,0.5812,0.5812,503.8848,20-04-2023 23:00,21-04-2023 22:00,"<a href=""https://optimistic.etherscan.io/address/0x844445e9e9663c97e93fbd7a5c061a4ec30bc10a"" target=""_blank"" >0x8444..ğŸ”—</a>",157,erc20,4/20/23 23:00
optimism,"<a href=""https://rabbithole.gg/quests?quest=7486a54e-8e61-4cde-9e5f-8596d236c8ea"" target=""_blank"" >7486a54e [ğŸ‡]</a>",CLOSED ğŸ”’,0.15,OP,979,1500,0.652666667,0.652666667,310.9725,19-04-2023 23:45,20-04-2023 22:30,"<a href=""https://optimistic.etherscan.io/address/0xd84ec878d3ba1abd2312c79bb98fc897777f2ca9"" target=""_blank"" >0xd84e..ğŸ”—</a>",166,erc20,4/19/23 23:45
optimism,"<a href=""https://rabbithole.gg/quests?quest=a606188b-18d1-42ac-98d5-3134476cd4ec"" target=""_blank"" >a606188b [ğŸ‡]</a>",CLOSED ğŸ”’,0.12,OP,995,2500,0.398,0.398,278.8992,18-04-2023 23:00,19-04-2023 22:24,"<a href=""https://optimistic.etherscan.io/address/0x5c3aa894bdb87ab10cd9167c56308dc0b7780d8f"" target=""_blank"" >0x5c3a..ğŸ”—</a>",131,erc20,4/18/23 23:00
optimism,"<a href=""https://rabbithole.gg/quests?quest=f3d1612d-ff4c-4a91-8cd5-adb59f839c66"" target=""_blank"" >f3d1612d [ğŸ‡]</a>",CLOSED ğŸ”’,0.13,OP,500,500,1,1,149.864,17-04-2023 23:00,18-04-2023 21:00,"<a href=""https://optimistic.etherscan.io/address/0x9d8b395aa6b403c4da0fb49795e194c183743ed3"" target=""_blank"" >0x9d8b..ğŸ”—</a>",60,erc20,4/17/23 23:00
optimism,"<a href=""https://rabbithole.gg/quests?quest=06b213af-2b83-4416-9cc7-f54db03f0b34"" target=""_blank"" >06b213af [ğŸ‡]</a>",CLOSED ğŸ”’,0.12,OP,1766,3000,0.588666667,0.588666667,495.4944,17-04-2023 23:00,18-04-2023 22:30,"<a href=""https://optimistic.etherscan.io/address/0x7aa36b3446d2dbbee9707276d30cf40f7e77bcb8"" target=""_blank"" >0x7aa3..ğŸ”—</a>",190,erc20,4/17/23 23:00
optimism,"<a href=""https://rabbithole.gg/quests?quest=0e15e958-c108-41ff-b779-9405ef3f6b40"" target=""_blank"" >0e15e958 [ğŸ‡]</a>",CLOSED ğŸ”’,0.1,OP,1029,1200,0.8575,0.8575,244.713,16-04-2023 23:00,17-04-2023 22:20,"<a href=""https://optimistic.etherscan.io/address/0x760fb7dda476e93d3fd2e5b82b9b95463d60576e"" target=""_blank"" >0x760f..ğŸ”—</a>",126,erc20,4/16/23 23:00
optimism,"<a href=""https://rabbithole.gg/quests?quest=4d63743f-a252-42fe-96b1-4282abdb7ef3"" target=""_blank"" >4d63743f [ğŸ‡]</a>",CLOSED ğŸ”’,0.1,OP,4042,5000,0.8084,0.8084,959.868,15-04-2023 23:00,17-04-2023 21:47,"<a href=""https://optimistic.etherscan.io/address/0x027910749eb7b64b6e4db8a249ecb89d154fb133"" target=""_blank"" >0x0279..ğŸ”—</a>",526,erc20,4/15/23 23:00
optimism,"<a href=""https://rabbithole.gg/quests?quest=7c8fde2d-4c57-4504-9447-2b91990eacff"" target=""_blank"" >7c8fde2d [ğŸ‡]</a>",CLOSED ğŸ”’,0.12,OP,2474,2500,0.9896,0.9896,713.1852,15-04-2023 23:00,16-04-2023 22:00,"<a href=""https://optimistic.etherscan.io/address/0xe727f2f3940270735b355b0fa319ff6123677412"" target=""_blank"" >0xe727..ğŸ”—</a>",297,erc20,4/15/23 23:00
optimism,"<a href=""https://rabbithole.gg/quests?quest=1b4e800e-9bac-4323-9625-710fe4e68c61"" target=""_blank"" >1b4e800e [ğŸ‡]</a>",CLOSED ğŸ”’,0.11,OP,2500,2500,1,1,651.618,15-04-2023 14:00,16-04-2023 22:30,"<a href=""https://optimistic.etherscan.io/address/0x594595161be550850d612fd2b3659e1ace0282dc"" target=""_blank"" >0x5945..ğŸ”—</a>",306,erc20,4/15/23 14:00
optimism,"<a href=""https://rabbithole.gg/quests?quest=92ebee98-7490-4c84-a575-6429a8a352d5"" target=""_blank"" >92ebee98 [ğŸ‡]</a>",CLOSED ğŸ”’,0.1,OP,1000,1000,1,1,228.552,14-04-2023 23:00,15-04-2023 23:00,"<a href=""https://optimistic.etherscan.io/address/0x747533d55d3b093c2ef0bf0c2b36b9572c113e77"" target=""_blank"" >0x7475..ğŸ”—</a>",144,erc20,4/14/23 23:00
optimism,"<a href=""https://rabbithole.gg/quests?quest=ada559ed-52cc-421d-8812-905a72a5ef60"" target=""_blank"" >ada559ed [ğŸ‡]</a>",CLOSED ğŸ”’,0.1,OP,838,1000,0.838,0.838,193.575,14-04-2023 23:00,15-04-2023 23:00,"<a href=""https://optimistic.etherscan.io/address/0x0dbd9415898c197086d8a2d668499fa17209a217"" target=""_blank"" >0x0dbd..ğŸ”—</a>",113,erc20,4/14/23 23:00
optimism,"<a href=""https://rabbithole.gg/quests?quest=be7240d1-a7d9-41fa-8742-0d4ed4f7bb94"" target=""_blank"" >be7240d1 [ğŸ‡]</a>",CLOSED ğŸ”’,0.1,OP,1000,1000,1,1,230.421,14-04-2023 23:00,15-04-2023 23:00,"<a href=""https://optimistic.etherscan.io/address/0x37567929d6bfac836eef8c63bd9a4afc788a6c0e"" target=""_blank"" >0x3756..ğŸ”—</a>",137,erc20,4/14/23 23:00
optimism,"<a href=""https://rabbithole.gg/quests?quest=1082b2bf-4cb6-4764-87dc-195d389379af"" target=""_blank"" >1082b2bf [ğŸ‡]</a>",CLOSED ğŸ”’,0.13,OP,2000,2000,1,1,561.7612,13-04-2023 23:00,14-04-2023 22:00,"<a href=""https://optimistic.etherscan.io/address/0xa956f9e9550b443a30a9eefd2690d6bf1500635b"" target=""_blank"" >0xa956..ğŸ”—</a>",229,erc20,4/13/23 23:00
optimism,"<a href=""https://rabbithole.gg/quests?quest=7df6a551-c7e6-469b-8091-816201fdf70b"" target=""_blank"" >7df6a551 [ğŸ‡]</a>",CLOSED ğŸ”’,0.13,OP,1518,2000,0.759,0.759,430.7576,13-04-2023 23:00,14-04-2023 22:01,"<a href=""https://optimistic.etherscan.io/address/0xc00fae70e9381f4695685815405e5467f7ef815b"" target=""_blank"" >0xc00f..ğŸ”—</a>",160,erc20,4/13/23 23:00
optimism,"<a href=""https://rabbithole.gg/quests?quest=61ea0026-68b7-4171-b73c-0ebb5d7e5fbc"" target=""_blank"" >61ea0026 [ğŸ‡]</a>",CLOSED ğŸ”’,0.12,OP,2224,3000,0.741333333,0.741333333,550.2096,12/4/23 23:00,13-04-2023 22:30,"<a href=""https://optimistic.etherscan.io/address/0x91c0f9be1e28480d474fd640373efbe070679e0f"" target=""_blank"" >0x91c0..ğŸ”—</a>",213,erc20,4/12/23 23:00
optimism,"<a href=""https://rabbithole.gg/quests?quest=e01ab625-1983-4469-9687-9e40ff1bfcf3"" target=""_blank"" >e01ab625 [ğŸ‡]</a>",CLOSED ğŸ”’,0.13,OP,2000,2000,1,1,529.3704,12/4/23 23:00,13-04-2023 22:30,"<a href=""https://optimistic.etherscan.io/address/0x23d860a343fa41440724a09e60053e3486e9338a"" target=""_blank"" >0x23d8..ğŸ”—</a>",214,erc20,4/12/23 23:00
optimism,"<a href=""https://rabbithole.gg/quests?quest=5b914e4d-52fd-4280-a3f4-3420ff193452"" target=""_blank"" >5b914e4d [ğŸ‡]</a>",CLOSED ğŸ”’,0.11,OP,2000,2000,1,1,454.9314,12/4/23 17:15,13-04-2023 23:00,"<a href=""https://optimistic.etherscan.io/address/0x18e1e9e94c620479d50518119825623c7e24e0f0"" target=""_blank"" >0x18e1..ğŸ”—</a>",194,erc20,4/12/23 17:15
optimism,"<a href=""https://rabbithole.gg/quests?quest=08f37f93-2da8-47bf-a6a6-79b52755382e"" target=""_blank"" >08f37f93 [ğŸ‡]</a>",CLOSED ğŸ”’,0.12,OP,2000,2000,1,1,509.772,11/4/23 21:30,12/4/23 21:00,"<a href=""https://optimistic.etherscan.io/address/0x70264d779fc7ba75bdc7d68aea309c00e2c5bff1"" target=""_blank"" >0x7026..ğŸ”—</a>",153,erc20,4/11/23 21:30
optimism,"<a href=""https://rabbithole.gg/quests?quest=0a452dd1-4f75-4a01-a127-88094f518a7e"" target=""_blank"" >0a452dd1 [ğŸ‡]</a>",CLOSED ğŸ”’,0.12,OP,2000,2000,1,1,510.4944,11/4/23 17:00,12/4/23 17:00,"<a href=""https://optimistic.etherscan.io/address/0xedad225961e1b8f7a8e9a68ac14e799f230cf6e6"" target=""_blank"" >0xedad..ğŸ”—</a>",182,erc20,4/11/23 17:00
optimism,"<a href=""https://rabbithole.gg/quests?quest=4e7bb18e-6530-4b19-aaf0-492e041747a8"" target=""_blank"" >4e7bb18e [ğŸ‡]</a>",CLOSED ğŸ”’,0.12,OP,1939,2000,0.9695,0.9695,497.8584,11/4/23 17:00,12/4/23 17:00,"<a href=""https://optimistic.etherscan.io/address/0x6a388001eba19e4ec78b790bd1a29fa5a4fac75c"" target=""_blank"" >0x6a38..ğŸ”—</a>",166,erc20,4/11/23 17:00
optimism,"<a href=""https://rabbithole.gg/quests?quest=c3a03358-0227-40c3-bc5d-0edd70c574f7"" target=""_blank"" >c3a03358 [ğŸ‡]</a>",CLOSED ğŸ”’,0.15,OP,3000,3000,1,1,1018.863,11/4/23 0:00,12/4/23 0:00,"<a href=""https://optimistic.etherscan.io/address/0x360e74dd185f3a7e6f913349dfd2e55349523deb"" target=""_blank"" >0x360e..ğŸ”—</a>",134,erc20,4/11/23 0:00
optimism,"<a href=""https://rabbithole.gg/quests?quest=423399b4-a891-4d60-b4b2-afdc7a9be85b"" target=""_blank"" >423399b4 [ğŸ‡]</a>",CLOSED ğŸ”’,0.15,OP,3000,3000,1,1,1012.8195,11/4/23 0:00,12/4/23 0:00,"<a href=""https://optimistic.etherscan.io/address/0x5d082790fcd6f576ffdd3a062ba298bb0e199c39"" target=""_blank"" >0x5d08..ğŸ”—</a>",151,erc20,4/11/23 0:00
optimism,"<a href=""https://rabbithole.gg/quests?quest=cc0157bd-0e87-490b-b843-52d17b40256f"" target=""_blank"" >cc0157bd [ğŸ‡]</a>",CLOSED ğŸ”’,1.5,OP,3000,3000,1,1,10119.78,10/4/23 19:30,11/4/23 19:30,"<a href=""https://optimistic.etherscan.io/address/0x500acd2163033f86ada88c5c627865e5dfffad24"" target=""_blank"" >0x500a..ğŸ”—</a>",41,erc20,4/10/23 19:30
optimism,"<a href=""https://rabbithole.gg/quests?quest=19636b9a-7d93-4b3b-87c6-c6581f6e1e87"" target=""_blank"" >19636b9a [ğŸ‡]</a>",CLOSED ğŸ”’,1.5,OP,3000,3000,1,1,10164.24,10/4/23 19:30,11/4/23 19:30,"<a href=""https://optimistic.etherscan.io/address/0xd1ff571a04a4ce34983cd6339645d729486ee3a3"" target=""_blank"" >0xd1ff..ğŸ”—</a>",28,erc20,4/10/23 19:30
optimism,"<a href=""https://rabbithole.gg/quests?quest=39fdcfd7-9a51-4ad5-a3a5-2a5243df906f"" target=""_blank"" >39fdcfd7 [ğŸ‡]</a>",CLOSED ğŸ”’,0.1,OP,5000,5000,1,1,1069.851,8/4/23 13:00,10/4/23 13:00,"<a href=""https://optimistic.etherscan.io/address/0xfed9a7459a5193157dba9f5fc673d5150b29e95e"" target=""_blank"" >0xfed9..ğŸ”—</a>",287,erc20,4/8/23 13:00
optimism,"<a href=""https://rabbithole.gg/quests?quest=7c6c3b0f-1ad4-47ad-a004-fbca1d7cf1d4"" target=""_blank"" >7c6c3b0f [ğŸ‡]</a>",CLOSED ğŸ”’,0.1,OP,2000,2000,1,1,427.818,7/4/23 20:00,8/4/23 20:00,"<a href=""https://optimistic.etherscan.io/address/0x1eb278f5bf3595fab114d3615fbe9c16b10580f4"" target=""_blank"" >0x1eb2..ğŸ”—</a>",107,erc20,4/7/23 20:00
optimism,"<a href=""https://rabbithole.gg/quests?quest=e663531f-b49c-45eb-b24e-9897b0ae25b0"" target=""_blank"" >e663531f [ğŸ‡]</a>",CLOSED ğŸ”’,0.1,OP,1173,2000,0.5865,0.5865,248.826,7/4/23 20:00,8/4/23 20:00,"<a href=""https://optimistic.etherscan.io/address/0x476c816a82599d64d9482d2a66158e7f1dec0800"" target=""_blank"" >0x476c..ğŸ”—</a>",72,erc20,4/7/23 20:00
optimism,"<a href=""https://rabbithole.gg/quests?quest=f083aab4-fd4b-435e-8353-634c417fb1a8"" target=""_blank"" >f083aab4 [ğŸ‡]</a>",CLOSED ğŸ”’,0.1,OP,1543,2000,0.7715,0.7715,329.508,6/4/23 20:00,7/4/23 20:00,"<a href=""https://optimistic.etherscan.io/address/0x5c978ae44ce7de1c242adc12a0002fa0ea2558ba"" target=""_blank"" >0x5c97..ğŸ”—</a>",85,erc20,4/6/23 20:00
optimism,"<a href=""https://rabbithole.gg/quests?quest=2cb4948b-8d24-43cc-beff-7269ccd0913b"" target=""_blank"" >2cb4948b [ğŸ‡]</a>",CLOSED ğŸ”’,0.1,OP,2000,2000,1,1,428.948,6/4/23 20:00,7/4/23 20:00,"<a href=""https://optimistic.etherscan.io/address/0x189fbd67a07472b3f8fe4e9dd2bac5032824ba62"" target=""_blank"" >0x189f..ğŸ”—</a>",102,erc20,4/6/23 20:00
optimism,"<a href=""https://rabbithole.gg/quests?quest=ac6b24da-8f98-4d76-82bd-0d556b42e690"" target=""_blank"" >ac6b24da [ğŸ‡]</a>",CLOSED ğŸ”’,0.1,OP,2000,2000,1,1,423.624,5/4/23 20:00,6/4/23 20:00,"<a href=""https://optimistic.etherscan.io/address/0x1f35a0dc881ee7c59b98a0b38df690988db2831d"" target=""_blank"" >0x1f35..ğŸ”—</a>",142,erc20,4/5/23 20:00
optimism,"<a href=""https://rabbithole.gg/quests?quest=831fc71a-5a8d-4179-bf7f-871c43ee509e"" target=""_blank"" >831fc71a [ğŸ‡]</a>",CLOSED ğŸ”’,0.1,OP,1466,2000,0.733,0.733,311.904,5/4/23 20:00,6/4/23 20:00,"<a href=""https://optimistic.etherscan.io/address/0x82d7587009e1d726d58d37dc35cfcbcf236f56be"" target=""_blank"" >0x82d7..ğŸ”—</a>",98,erc20,4/5/23 20:00
optimism,"<a href=""https://rabbithole.gg/quests?quest=ffdf7333-b613-44cc-9ca9-e0d9efa91470"" target=""_blank"" >ffdf7333 [ğŸ‡]</a>",CLOSED ğŸ”’,0.1,OP,886,2000,0.443,0.443,184.576,4/4/23 20:00,5/4/23 20:00,"<a href=""https://optimistic.etherscan.io/address/0x545f6a331513867430abfb2ad99c77f038780552"" target=""_blank"" >0x545f..ğŸ”—</a>",62,erc20,4/4/23 20:00
optimism,"<a href=""https://rabbithole.gg/quests?quest=c6b0960d-fc9e-40cc-b84f-091b65a3924c"" target=""_blank"" >c6b0960d [ğŸ‡]</a>",CLOSED ğŸ”’,0.1,OP,999,2000,0.4995,0.4995,205.184,4/4/23 20:00,5/4/23 20:00,"<a href=""https://optimistic.etherscan.io/address/0x8328804e59a1611815c0237b801640d4dc186823"" target=""_blank"" >0x8328..ğŸ”—</a>",83,erc20,4/4/23 20:00
optimism,"<a href=""https://rabbithole.gg/quests?quest=1a4957df-7993-45c1-82e0-f7bf05d1850a"" target=""_blank"" >1a4957df [ğŸ‡]</a>",CLOSED ğŸ”’,0.1,OP,469,2000,0.2345,0.2345,95.251,3/4/23 20:00,4/4/23 20:00,"<a href=""https://optimistic.etherscan.io/address/0x3796650dcd8f1df0dcecbb131a0444d7416305c1"" target=""_blank"" >0x3796..ğŸ”—</a>",38,erc20,4/3/23 20:00
optimism,"<a href=""https://rabbithole.gg/quests?quest=142da884-c1bc-46ab-a314-59dd3c4f3a2b"" target=""_blank"" >142da884 [ğŸ‡]</a>",CLOSED ğŸ”’,0.1,OP,564,2000,0.282,0.282,115.141,3/4/23 20:00,4/4/23 20:00,"<a href=""https://optimistic.etherscan.io/address/0xe20546189949428c80d03c21b0b0f4f58ac8ab09"" target=""_blank"" >0xe205..ğŸ”—</a>",43,erc20,4/3/23 20:00
optimism,"<a href=""https://rabbithole.gg/quests?quest=1715aa99-8eb5-4827-bac6-56735384cf26"" target=""_blank"" >1715aa99 [ğŸ‡]</a>",CLOSED ğŸ”’,0.05,OP,1010,2000,0.505,0.505,102.678,2/4/23 20:00,3/4/23 20:00,"<a href=""https://optimistic.etherscan.io/address/0x34bc38a67cc633424aa9749fff617ddf962bec7b"" target=""_blank"" >0x34bc..ğŸ”—</a>",68,erc20,4/2/23 20:00
optimism,"<a href=""https://rabbithole.gg/quests?quest=e84a2859-a4fa-4f60-8bb5-1024753ea972"" target=""_blank"" >e84a2859 [ğŸ‡]</a>",CLOSED ğŸ”’,0.05,OP,889,2000,0.4445,0.4445,92.321,1/4/23 20:00,2/4/23 20:00,"<a href=""https://optimistic.etherscan.io/address/0x89923da932cc0060d402cc8b9a17c763bb8c17fc"" target=""_blank"" >0x8992..ğŸ”—</a>",72,erc20,4/1/23 20:00
optimism,"<a href=""https://rabbithole.gg/quests?quest=eb9e9ea1-9738-461d-846f-4166b6ef4bca"" target=""_blank"" >eb9e9ea1 [ğŸ‡]</a>",CLOSED ğŸ”’,0.05,OP,994,2000,0.497,0.497,103.279,31-03-2023 20:00,1/4/23 20:00,"<a href=""https://optimistic.etherscan.io/address/0x1f6affa685ce73c26e5676a5afb836ef287ea12a"" target=""_blank"" >0x1f6a..ğŸ”—</a>",92,erc20,3/31/23 20:00
optimism,"<a href=""https://rabbithole.gg/quests?quest=0a4a39bd-d1c5-4754-96d2-01f710675509"" target=""_blank"" >0a4a39bd [ğŸ‡]</a>",CLOSED ğŸ”’,0.1,OP,368,2000,0.184,0.184,77.86,31-03-2023 01:00,1/4/23 1:00,"<a href=""https://optimistic.etherscan.io/address/0xeaecb9cc2a626af1a06110b25650b2c476d18c16"" target=""_blank"" >0xeaec..ğŸ”—</a>",28,erc20,3/31/23 1:00
optimism,"<a href=""https://rabbithole.gg/quests?quest=7ba9c23e-d1f5-48c6-b9dc-ba432c0ce7b8"" target=""_blank"" >7ba9c23e [ğŸ‡]</a>",CLOSED ğŸ”’,0.1,OP,152,2000,0.076,0.076,33.663,31-03-2023 01:00,1/4/23 1:00,"<a href=""https://optimistic.etherscan.io/address/0x67afed0ab9c3a450e488301279aef3cb7a8cff04"" target=""_blank"" >0x67af..ğŸ”—</a>",5,erc20,3/31/23 1:00
optimism,"<a href=""https://rabbithole.gg/quests?quest=027ccb6a-ce88-4d55-8135-e9331707676e"" target=""_blank"" >027ccb6a [ğŸ‡]</a>",CLOSED ğŸ”’,0.1,OP,990,2000,0.495,0.495,215.489,31-03-2023 01:00,1/4/23 1:00,"<a href=""https://optimistic.etherscan.io/address/0x7f33234fb4b89968ad42b432fa9da33d6c15c7b4"" target=""_blank"" >0x7f33..ğŸ”—</a>",49,erc20,3/31/23 1:00
optimism,"<a href=""https://rabbithole.gg/quests?quest=699f0861-01e0-4870-b434-fbb502706067"" target=""_blank"" >699f0861 [ğŸ‡]</a>",CLOSED ğŸ”’,0.1,OP,800,2000,0.4,0.4,172.8,29-03-2023 22:00,30-03-2023 22:00,"<a href=""https://optimistic.etherscan.io/address/0xc33d5a1696691ed2c5892ac5ec724c715e761ea1"" target=""_blank"" >0xc33d..ğŸ”—</a>",32,erc20,3/29/23 22:00
polygon,"<a href=""https://rabbithole.gg/quests?quest=fc0dfc39-1091-4d0b-aace-0cc16988cf01"" target=""_blank"" >fc0dfc39 [ğŸ‡]</a>",CLOSED ğŸ”’,0.02,BAL,8000,8000,1,1,1115.94,29-03-2023 14:00,30-03-2023 14:00,"<a href=""https://polygonscan.com/address/0x766cfb7eec3b5170d3def49dbe1fe02b7268e942"" target=""_blank"" >0x766c..ğŸ”—</a>",29,erc20,3/29/23 14:00
polygon,"<a href=""https://rabbithole.gg/quests?quest=5dd18c2e-1b4f-45da-9d7f-64de598f175e"" target=""_blank"" >5dd18c2e [ğŸ‡]</a>",CLOSED ğŸ”’,0.02,BAL,7354,8000,0.91925,0.91925,980.5824,28-03-2023 14:00,29-03-2023 14:00,"<a href=""https://polygonscan.com/address/0xb84228f921dbaf1fff7ba4cf7495a5da67962e00"" target=""_blank"" >0xb842..ğŸ”—</a>",58,erc20,3/28/23 14:00
polygon,"<a href=""https://rabbithole.gg/quests?quest=c4260bac-b5c6-4153-8980-5eb7d8a92274"" target=""_blank"" >c4260bac [ğŸ‡]</a>",CLOSED ğŸ”’,0.02,BAL,8000,8000,1,1,1056.9096,27-03-2023 14:00,28-03-2023 14:00,"<a href=""https://polygonscan.com/address/0x7fb510da444641c7fcb48cad40c700143fec89ed"" target=""_blank"" >0x7fb5..ğŸ”—</a>",89,erc20,3/27/23 14:00
optimism,"<a href=""https://rabbithole.gg/quests?quest=f45964e5-4a10-4c9a-95fd-c2527e8951bc"" target=""_blank"" >f45964e5 [ğŸ‡]</a>",CLOSED ğŸ”’,0.05,OP,3000,3000,1,1,269.4375,26-03-2023 22:00,2/4/23 22:00,"<a href=""https://optimistic.etherscan.io/address/0x9a527ce551a6ecaae177e67f3c3974200a8a432f"" target=""_blank"" >0x9a52..ğŸ”—</a>",605,erc20,3/26/23 22:00
polygon,"<a href=""https://rabbithole.gg/quests?quest=2a0f4329-7148-4b7e-8ef0-e9f1fa3175df"" target=""_blank"" >2a0f4329 [ğŸ‡]</a>",CLOSED ğŸ”’,0.04,BAL,6000,6000,1,1,1609.424,26-03-2023 14:00,27-03-2023 14:00,"<a href=""https://polygonscan.com/address/0xa002f34247e462b74c1c86027f2ea5d4ebd08aa1"" target=""_blank"" >0xa002..ğŸ”—</a>",83,erc20,3/26/23 14:00
polygon,"<a href=""https://rabbithole.gg/quests?quest=76fc16f5-8044-4783-ba10-ecbc3da9d4bd"" target=""_blank"" >76fc16f5 [ğŸ‡]</a>",CLOSED ğŸ”’,0.04,BAL,6000,6000,1,1,1591.0752,25-03-2023 14:00,26-03-2023 14:00,"<a href=""https://polygonscan.com/address/0x48fd1c538de3f358215b9251b83bd8f10a738a16"" target=""_blank"" >0x48fd..ğŸ”—</a>",78,erc20,3/25/23 14:00
polygon,"<a href=""https://rabbithole.gg/quests?quest=08cee141-9a56-4e73-8dcb-e941cc98eb6c"" target=""_blank"" >08cee141 [ğŸ‡]</a>",CLOSED ğŸ”’,0.08,BAL,2000,2000,1,1,1047.7264,24-03-2023 14:00,25-03-2023 14:00,"<a href=""https://polygonscan.com/address/0xfc7c21de9c9d433bc3e9a84844fd5e30e1a0b5ad"" target=""_blank"" >0xfc7c..ğŸ”—</a>",54,erc20,3/24/23 14:00
optimism,"<a href=""https://rabbithole.gg/quests?quest=65c7466f-7546-45e6-9d40-8171f35f6f6d"" target=""_blank"" >65c7466f [ğŸ‡]</a>",CLOSED ğŸ”’,0.05,OP,3000,3000,1,1,252.464,23-03-2023 14:00,30-03-2023 14:00,"<a href=""https://optimistic.etherscan.io/address/0x2036dff3c53a8466a3384d1b80b4b22d6694d153"" target=""_blank"" >0x2036..ğŸ”—</a>",964,erc20,3/23/23 14:00
optimism,"<a href=""https://rabbithole.gg/quests?quest=006b2739-07a1-4313-b942-ca1c2b69f327"" target=""_blank"" >006b2739 [ğŸ‡]</a>",CLOSED ğŸ”’,0.0005,rETH,500,2000,0.25,0.25,448.001515,23-03-2023 14:00,30-03-2023 14:00,"<a href=""https://optimistic.etherscan.io/address/0x34b241b1d2596b40badc507425512d6adcfa04cf"" target=""_blank"" >0x34b2..ğŸ”—</a>",21,erc20,3/23/23 14:00
polygon,"<a href=""https://rabbithole.gg/quests?quest=21d47899-5ea3-4046-b19c-138eaff9e271"" target=""_blank"" >21d47899 [ğŸ‡]</a>",CLOSED ğŸ”’,0.08,BAL,2000,2000,1,1,1047.9216,23-03-2023 14:00,24-03-2023 14:00,"<a href=""https://polygonscan.com/address/0x0310ad9ce48a9b7038d311ea9af04a13ed02babb"" target=""_blank"" >0x0310..ğŸ”—</a>",42,erc20,3/23/23 14:00
optimism,"<a href=""https://rabbithole.gg/quests?quest=7e694ce7-ced6-4ae8-970f-f0b14c89d32e"" target=""_blank"" >7e694ce7 [ğŸ‡]</a>",CLOSED ğŸ”’,0.05,OP,0,1,0,0,0,23-03-2023 06:00,24-03-2023 06:00,"<a href=""https://optimistic.etherscan.io/address/0x1a0dd99c1b6eb2934f7158e21e110497fac59c68"" target=""_blank"" >0x1a0d..ğŸ”—</a>",0,erc20,3/23/23 6:00
optimism,"<a href=""https://rabbithole.gg/quests?quest=461470c3-dec0-45f7-916e-9551c334798c"" target=""_blank"" >461470c3 [ğŸ‡]</a>",CLOSED ğŸ”’,0.0005,rETH,0,1,0,0,0,23-03-2023 06:00,24-03-2023 06:00,"<a href=""https://optimistic.etherscan.io/address/0x4a846518a3ad289f00cb15c2407728b11b37edbe"" target=""_blank"" >0x4a84..ğŸ”—</a>",0,erc20,3/23/23 6:00
polygon,"<a href=""https://rabbithole.gg/quests?quest=49a5b345-10f1-46cb-8a56-68d135eaf5f2"" target=""_blank"" >49a5b345 [ğŸ‡]</a>",CLOSED ğŸ”’,0.08,BAL,0,1,0,0,0,23-03-2023 01:50,24-03-2023 01:50,"<a href=""https://polygonscan.com/address/0x819b6cb7e050c80c6a2a4b8d3ebba146a11469eb"" target=""_blank"" >0x819b..ğŸ”—</a>",0,erc20,3/23/23 1:50
optimism,"<a href=""https://rabbithole.gg/quests?quest=ef5cd04d-3aa4-4371-a8f9-870ba634c6f0"" target=""_blank"" >ef5cd04d [ğŸ‡]</a>",CLOSED ğŸ”’,0.1,OP,1888,2000,0.944,0.944,205.555,22-03-2023 20:00,23-03-2023 20:00,"<a href=""https://optimistic.etherscan.io/address/0x1e93e05ab8b4a68ad3dc5513bcb22a701a8e4964"" target=""_blank"" >0x1e93..ğŸ”—</a>",1049,erc20,3/22/23 20:00
optimism,"<a href=""https://rabbithole.gg/quests?quest=88e0f7f4-b0e4-439b-b6fa-b52d9731338d"" target=""_blank"" >88e0f7f4 [ğŸ‡]</a>",CLOSED ğŸ”’,0.1,OP,1793,2000,0.8965,0.8965,181.79,22-03-2023 20:00,23-03-2023 20:00,"<a href=""https://optimistic.etherscan.io/address/0x8498035f4d6b01f73cbb3128a5370e9b035ecc83"" target=""_blank"" >0x8498..ğŸ”—</a>",1051,erc20,3/22/23 20:00
optimism,"<a href=""https://rabbithole.gg/quests?quest=9b3d42ea-4a91-4c8a-b3cb-d574a229e34e"" target=""_blank"" >9b3d42ea [ğŸ‡]</a>",CLOSED ğŸ”’,0.1,OP,1774,2000,0.887,0.887,175.42,22-03-2023 20:00,23-03-2023 20:00,"<a href=""https://optimistic.etherscan.io/address/0xf3abce8253d362f74419139e63f001aeb37ed8ef"" target=""_blank"" >0xf3ab..ğŸ”—</a>",1058,erc20,3/22/23 20:00
optimism,"<a href=""https://rabbithole.gg/quests?quest=e878336b-4553-4e32-b3c1-1d953bcceb39"" target=""_blank"" >e878336b [ğŸ‡]</a>",CLOSED ğŸ”’,0.1,OP,1289,2000,0.6445,0.6445,321.736,21-03-2023 20:00,22-03-2023 20:00,"<a href=""https://optimistic.etherscan.io/address/0xec28815c4cfddbaa12eb4e51e4d4d254a71cfc8d"" target=""_blank"" >0xec28..ğŸ”—</a>",61,erc20,3/21/23 20:00
optimism,"<a href=""https://rabbithole.gg/quests?quest=3eb88343-451d-47f6-a8d2-ffe29b6eb321"" target=""_blank"" >3eb88343 [ğŸ‡]</a>",CLOSED ğŸ”’,0.1,OP,1150,2000,0.575,0.575,285.842,21-03-2023 20:00,22-03-2023 20:00,"<a href=""https://optimistic.etherscan.io/address/0xb786a3e73faa785357e475023b6744a86824b5e4"" target=""_blank"" >0xb786..ğŸ”—</a>",59,erc20,3/21/23 20:00
optimism,"<a href=""https://rabbithole.gg/quests?quest=4b9863d5-2048-4ec1-b201-33bd89569c2b"" target=""_blank"" >4b9863d5 [ğŸ‡]</a>",CLOSED ğŸ”’,0.1,OP,1041,2000,0.5205,0.5205,257.284,21-03-2023 20:00,22-03-2023 20:00,"<a href=""https://optimistic.etherscan.io/address/0xff23cfc0dd0fec037b0ebf1211f1479b2b2ae2f5"" target=""_blank"" >0xff23..ğŸ”—</a>",59,erc20,3/21/23 20:00
optimism,"<a href=""https://rabbithole.gg/quests?quest=7fed078f-5e45-4ef2-9877-871273bf95bf"" target=""_blank"" >7fed078f [ğŸ‡]</a>",CLOSED ğŸ”’,0.1,OP,2000,2000,1,1,381.52,20-03-2023 20:00,21-03-2023 20:00,"<a href=""https://optimistic.etherscan.io/address/0xfb705ddaa82b3201b88b20863f51962f0a408154"" target=""_blank"" >0xfb70..ğŸ”—</a>",480,erc20,3/20/23 20:00
optimism,"<a href=""https://rabbithole.gg/quests?quest=194c7682-fb8e-41a3-8345-1aa729a28cde"" target=""_blank"" >194c7682 [ğŸ‡]</a>",CLOSED ğŸ”’,0.1,OP,1925,2000,0.9625,0.9625,338.599,20-03-2023 20:00,21-03-2023 20:00,"<a href=""https://optimistic.etherscan.io/address/0xa711b77b3043dae479c4f99ce8a7f750a170cf21"" target=""_blank"" >0xa711..ğŸ”—</a>",576,erc20,3/20/23 20:00
optimism,"<a href=""https://rabbithole.gg/quests?quest=64fa8f88-b1bb-4e88-a6ac-5a5f89ad1aad"" target=""_blank"" >64fa8f88 [ğŸ‡]</a>",CLOSED ğŸ”’,0.1,OP,2000,2000,1,1,358.679,20-03-2023 20:00,21-03-2023 20:00,"<a href=""https://optimistic.etherscan.io/address/0x675fc62c619d0d4fbe11b8373834ede1a92f1699"" target=""_blank"" >0x675f..ğŸ”—</a>",571,erc20,3/20/23 20:00
optimism,"<a href=""https://rabbithole.gg/quests?quest=3fa55b83-c604-41a8-a2cb-052343cdac9e"" target=""_blank"" >3fa55b83 [ğŸ‡]</a>",CLOSED ğŸ”’,0.1,OP,2000,2000,1,1,362.512,19-03-2023 19:00,20-03-2023 19:00,"<a href=""https://optimistic.etherscan.io/address/0xb5323000581f52667a74dbc964249e0b1202301c"" target=""_blank"" >0xb532..ğŸ”—</a>",696,erc20,3/19/23 19:00
optimism,"<a href=""https://rabbithole.gg/quests?quest=4dbc4b1b-e7d8-44ff-84b9-738536896500"" target=""_blank"" >4dbc4b1b [ğŸ‡]</a>",CLOSED ğŸ”’,0.1,OP,2000,2000,1,1,391.424,19-03-2023 19:00,20-03-2023 19:00,"<a href=""https://optimistic.etherscan.io/address/0x88d6a181ae45187ee8c24f6f6288c58fddf574e6"" target=""_blank"" >0x88d6..ğŸ”—</a>",592,erc20,3/19/23 19:00
optimism,"<a href=""https://rabbithole.gg/quests?quest=9fba0339-1493-4889-88fc-8661618bd04b"" target=""_blank"" >9fba0339 [ğŸ‡]</a>",CLOSED ğŸ”’,0.1,OP,2000,2000,1,1,387.254,19-03-2023 19:00,20-03-2023 19:00,"<a href=""https://optimistic.etherscan.io/address/0x3025627c4aedcf3639bdfd4560617ad8e754a2bc"" target=""_blank"" >0x3025..ğŸ”—</a>",607,erc20,3/19/23 19:00
optimism,"<a href=""https://rabbithole.gg/quests?quest=caf69cf8-a14b-4827-9fbb-e1a02bd3ee7c"" target=""_blank"" >caf69cf8 [ğŸ‡]</a>",CLOSED ğŸ”’,0.1,OP,2000,2000,1,1,289.892,18-03-2023 19:00,19-03-2023 19:00,"<a href=""https://optimistic.etherscan.io/address/0x522b8064893c9f07acf1223299b005c54041b8ce"" target=""_blank"" >0x522b..ğŸ”—</a>",942,erc20,3/18/23 19:00
optimism,"<a href=""https://rabbithole.gg/quests?quest=f5822f73-8f25-41bf-85c2-2f9b3ff5a23b"" target=""_blank"" >f5822f73 [ğŸ‡]</a>",CLOSED ğŸ”’,0.1,OP,2000,2000,1,1,233.448,18-03-2023 19:00,19-03-2023 19:00,"<a href=""https://optimistic.etherscan.io/address/0xc5eaccf5973e1ca37c742484822ac52600c42733"" target=""_blank"" >0xc5ea..ğŸ”—</a>",1148,erc20,3/18/23 19:00
optimism,"<a href=""https://rabbithole.gg/quests?quest=f185aa81-2a5e-443a-b592-f959cad19ed4"" target=""_blank"" >f185aa81 [ğŸ‡]</a>",CLOSED ğŸ”’,0.1,OP,2000,2000,1,1,233.448,18-03-2023 19:00,19-03-2023 19:00,"<a href=""https://optimistic.etherscan.io/address/0xd8b027d7699b6ef1dfb6c30e84793fa53e897279"" target=""_blank"" >0xd8b0..ğŸ”—</a>",1148,erc20,3/18/23 19:00
optimism,"<a href=""https://rabbithole.gg/quests?quest=c1c4ebd0-cda8-4617-83fe-d67bedea0467"" target=""_blank"" >c1c4ebd0 [ğŸ‡]</a>",CLOSED ğŸ”’,0.1,OP,1000,1000,1,1,170.391,17-03-2023 19:00,18-03-2023 19:00,"<a href=""https://optimistic.etherscan.io/address/0xc375130ba8147a50638daab8dd5a2b3879416753"" target=""_blank"" >0xc375..ğŸ”—</a>",337,erc20,3/17/23 19:00
optimism,"<a href=""https://rabbithole.gg/quests?quest=8ad0827e-e700-474c-86ef-5290d8430bce"" target=""_blank"" >8ad0827e [ğŸ‡]</a>",CLOSED ğŸ”’,0.1,OP,1000,1000,1,1,245.178,17-03-2023 19:00,18-03-2023 19:00,"<a href=""https://optimistic.etherscan.io/address/0x1b4f46a76e5070b584936c50866473a10cb242f4"" target=""_blank"" >0x1b4f..ğŸ”—</a>",46,erc20,3/17/23 19:00
optimism,"<a href=""https://rabbithole.gg/quests?quest=127057ad-d99a-4078-9994-d3fa7d56acc8"" target=""_blank"" >127057ad [ğŸ‡]</a>",CLOSED ğŸ”’,0.1,OP,1000,1000,1,1,243.379,17-03-2023 19:00,18-03-2023 19:00,"<a href=""https://optimistic.etherscan.io/address/0xbf6a4c1b7c78e0ff900f6b8492f349cbf2dd5bf4"" target=""_blank"" >0xbf6a..ğŸ”—</a>",53,erc20,3/17/23 19:00
optimism,"<a href=""https://rabbithole.gg/quests?quest=034396f1-2fad-4fc3-ae5a-a204da6ab16e"" target=""_blank"" >034396f1 [ğŸ‡]</a>",CLOSED ğŸ”’,0.1,OP,1000,1000,1,1,244.921,17-03-2023 19:00,18-03-2023 19:00,"<a href=""https://optimistic.etherscan.io/address/0xce9e18bbd4730d437b6fdb7a4f08f8b4e8ba2572"" target=""_blank"" >0xce9e..ğŸ”—</a>",47,erc20,3/17/23 19:00
optimism,"<a href=""https://rabbithole.gg/quests?quest=654aee81-1f83-4f79-90c4-d5f90c92bac7"" target=""_blank"" >654aee81 [ğŸ‡]</a>",CLOSED ğŸ”’,0.1,OP,0,1,0,0,0,17-03-2023 16:30,18-03-2023 16:30,"<a href=""https://optimistic.etherscan.io/address/0x710423d0ce543fb716bfc9f0aa76982c63ec764e"" target=""_blank"" >0x7104..ğŸ”—</a>",0,erc20,3/17/23 16:30
optimism,"<a href=""https://rabbithole.gg/quests?quest=dd9f4a10-f088-4d1e-a630-5cb1c3b0ea21"" target=""_blank"" >dd9f4a10 [ğŸ‡]</a>",CLOSED ğŸ”’,0.1,OP,0,1,0,0,0,17-03-2023 16:30,18-03-2023 16:30,"<a href=""https://optimistic.etherscan.io/address/0x82f40ece9b4ee5964a08e400f18b76a46633252c"" target=""_blank"" >0x82f4..ğŸ”—</a>",0,erc20,3/17/23 16:30
optimism,"<a href=""https://rabbithole.gg/quests?quest=5bcfcacf-12bd-408b-bb4c-f7732f1b803c"" target=""_blank"" >5bcfcacf [ğŸ‡]</a>",CLOSED ğŸ”’,0.1,OP,0,1,0,0,0,17-03-2023 16:30,18-03-2023 16:30,"<a href=""https://optimistic.etherscan.io/address/0xdee9f636a3cc17f0916b188b21dceabc8f51a315"" target=""_blank"" >0xdee9..ğŸ”—</a>",0,erc20,3/17/23 16:30
optimism,"<a href=""https://rabbithole.gg/quests?quest=d8b7f648-a8d6-4cb1-8d13-6d9a146460f0"" target=""_blank"" >d8b7f648 [ğŸ‡]</a>",CLOSED ğŸ”’,0.1,OP,0,1,0,0,0,17-03-2023 16:30,18-03-2023 16:30,"<a href=""https://optimistic.etherscan.io/address/0x890940a55b27eb9f626ea6eba0f83e2afb57c402"" target=""_blank"" >0x8909..ğŸ”—</a>",0,erc20,3/17/23 16:30
optimism,"<a href=""https://rabbithole.gg/quests?quest=8933a57d-1f3a-4e4e-8ebc-40e10dbeea23"" target=""_blank"" >8933a57d [ğŸ‡]</a>",CLOSED ğŸ”’,0.15,OP,1091,2000,0.5455,0.5455,392.616,16-03-2023 14:00,17-03-2023 14:00,"<a href=""https://optimistic.etherscan.io/address/0xf917ae3ed4182eac530208aa77cef214b8ae797d"" target=""_blank"" >0xf917..ğŸ”—</a>",27,erc20,3/16/23 14:00
optimism,"<a href=""https://rabbithole.gg/quests?quest=dd2918f2-e4d9-443b-90da-e160cf9d22b5"" target=""_blank"" >dd2918f2 [ğŸ‡]</a>",CLOSED ğŸ”’,0.1,OP,711,2000,0.3555,0.3555,169.74,16-03-2023 14:00,17-03-2023 14:00,"<a href=""https://optimistic.etherscan.io/address/0x664d005e56332193a503ee7a7b703d0208ac52f9"" target=""_blank"" >0x664d..ğŸ”—</a>",21,erc20,3/16/23 14:00
optimism,"<a href=""https://rabbithole.gg/quests?quest=339e92c8-a212-4c10-b706-add67f6716f8"" target=""_blank"" >339e92c8 [ğŸ‡]</a>",CLOSED ğŸ”’,0.1,OP,2000,2000,1,1,541.768,14-03-2023 14:00,21-03-2023 14:00,"<a href=""https://optimistic.etherscan.io/address/0x72f7f9018f5e925bcbb02b07feaa4a906f5531ae"" target=""_blank"" >0x72f7..ğŸ”—</a>",72,erc20,3/14/23 14:00
optimism,"<a href=""https://rabbithole.gg/quests?quest=791a8551-b706-4e08-a811-afb0e0347c16"" target=""_blank"" >791a8551 [ğŸ‡]</a>",CLOSED ğŸ”’,0.1,OP,2000,2000,1,1,240.536,14-03-2023 14:00,21-03-2023 14:00,"<a href=""https://optimistic.etherscan.io/address/0xe99c6474b03935e14fdbe258764e5b3b4613d9b7"" target=""_blank"" >0xe99c..ğŸ”—</a>",1144,erc20,3/14/23 14:00
optimism,"<a href=""https://rabbithole.gg/quests?quest=5181719f-25ac-4d25-92a6-0cc65851194e"" target=""_blank"" >5181719f [ğŸ‡]</a>",CLOSED ğŸ”’,1,OP,1,1,1,1,2.59,14-03-2023 08:00,15-03-2023 07:00,"<a href=""https://optimistic.etherscan.io/address/0x7bd14edff31855435bde9642c9fd4b8e0b95a27f"" target=""_blank"" >0x7bd1..ğŸ”—</a>",0,erc20,3/14/23 8:00
optimism,"<a href=""https://rabbithole.gg/quests?quest=4dd506a1-7554-4a73-aff5-414aa2edf21e"" target=""_blank"" >4dd506a1 [ğŸ‡]</a>",CLOSED ğŸ”’,1,OP,1,1,1,1,2.59,14-03-2023 08:00,15-03-2023 07:00,"<a href=""https://optimistic.etherscan.io/address/0x93b9237fc492fe1c8311a639371995bccf11157e"" target=""_blank"" >0x93b9..ğŸ”—</a>",0,erc20,3/14/23 8:00
optimism,"<a href=""https://rabbithole.gg/quests?quest=b07d1a5d-63da-4fb8-9aa1-954673dabc3a"" target=""_blank"" >b07d1a5d [ğŸ‡]</a>",CLOSED ğŸ”’,0.1,OP,209,1000,0.209,0.209,35.344,12/3/23 14:00,13-03-2023 14:00,"<a href=""https://optimistic.etherscan.io/address/0xd65ebdce1e83a3e2d538f3487f26a3782aa7f616"" target=""_blank"" >0xd65e..ğŸ”—</a>",21,erc20,3/12/23 14:00
optimism,"<a href=""https://rabbithole.gg/quests?quest=c6cfe272-ff75-4d08-88b5-1d7a10d49e90"" target=""_blank"" >c6cfe272 [ğŸ‡]</a>",CLOSED ğŸ”’,0.15,OP,1116,2000,0.558,0.558,285.666,12/3/23 14:00,13-03-2023 14:00,"<a href=""https://optimistic.etherscan.io/address/0xbe3109718e6a8675c7f459dd5f8b26a8e2180b50"" target=""_blank"" >0xbe31..ğŸ”—</a>",103,erc20,3/12/23 14:00
optimism,"<a href=""https://rabbithole.gg/quests?quest=c397f93f-fd15-4a87-947a-2bf25117cf10"" target=""_blank"" >c397f93f [ğŸ‡]</a>",CLOSED ğŸ”’,0.1,OP,722,2000,0.361,0.361,123.892,12/3/23 14:00,13-03-2023 14:00,"<a href=""https://optimistic.etherscan.io/address/0xdfa66b4cac9f2e49fcca89ff5b8e017bf58da2b6"" target=""_blank"" >0xdfa6..ğŸ”—</a>",63,erc20,3/12/23 14:00
optimism,"<a href=""https://rabbithole.gg/quests?quest=029d99e1-b746-4cda-809c-6f1656622564"" target=""_blank"" >029d99e1 [ğŸ‡]</a>",CLOSED ğŸ”’,0.15,OP,1451,2000,0.7255,0.7255,369.675,11/3/23 14:00,12/3/23 14:00,"<a href=""https://optimistic.etherscan.io/address/0x81b242924569f7928f2d50527b531a4d9e6865e7"" target=""_blank"" >0x81b2..ğŸ”—</a>",126,erc20,3/11/23 14:00
optimism,"<a href=""https://rabbithole.gg/quests?quest=56290a4a-1e45-4105-b039-41a005813eab"" target=""_blank"" >56290a4a [ğŸ‡]</a>",CLOSED ğŸ”’,0.1,OP,922,2000,0.461,0.461,155.682,11/3/23 14:00,12/3/23 14:00,"<a href=""https://optimistic.etherscan.io/address/0xbe82fe457bf63da9c0fbb21309d8089d1d5219f6"" target=""_blank"" >0xbe82..ğŸ”—</a>",85,erc20,3/11/23 14:00
optimism,"<a href=""https://rabbithole.gg/quests?quest=ad2f9a01-8a53-4524-9a27-912cb1d0b3ca"" target=""_blank"" >ad2f9a01 [ğŸ‡]</a>",CLOSED ğŸ”’,0.1,OP,331,1000,0.331,0.331,56.916,11/3/23 14:00,12/3/23 14:00,"<a href=""https://optimistic.etherscan.io/address/0xd547aaec71a80dcb15ed8a6e689309a4eea15a8e"" target=""_blank"" >0xd547..ğŸ”—</a>",25,erc20,3/11/23 14:00
optimism,"<a href=""https://rabbithole.gg/quests?quest=15cc0427-7f6d-4f15-b8cb-cba3a692effa"" target=""_blank"" >15cc0427 [ğŸ‡]</a>",CLOSED ğŸ”’,0.15,OP,406,2000,0.203,0.203,117.81,10/3/23 14:00,11/3/23 14:00,"<a href=""https://optimistic.etherscan.io/address/0xba37ef3a3611a5ca17a9be24bea51c11471da6ed"" target=""_blank"" >0xba37..ğŸ”—</a>",32,erc20,3/10/23 14:00
optimism,"<a href=""https://rabbithole.gg/quests?quest=1ec19dc4-e739-4d99-bf71-9c946e3f4b74"" target=""_blank"" >1ec19dc4 [ğŸ‡]</a>",CLOSED ğŸ”’,0.1,OP,337,2000,0.1685,0.1685,64.05,10/3/23 14:00,11/3/23 14:00,"<a href=""https://optimistic.etherscan.io/address/0x2ef9edcf393c6c0aba643da04ed1fe4c21bf4332"" target=""_blank"" >0x2ef9..ğŸ”—</a>",32,erc20,3/10/23 14:00
optimism,"<a href=""https://rabbithole.gg/quests?quest=cd29b3e6-84b6-4671-bd6f-e7297e7cdffd"" target=""_blank"" >cd29b3e6 [ğŸ‡]</a>",CLOSED ğŸ”’,0.1,OP,72,1000,0.072,0.072,13.86,10/3/23 14:00,11/3/23 14:00,"<a href=""https://optimistic.etherscan.io/address/0x353edcd5f949a19c0cc4be5b33db287c53435670"" target=""_blank"" >0x353e..ğŸ”—</a>",6,erc20,3/10/23 14:00
optimism,"<a href=""https://rabbithole.gg/quests?quest=4d305757-c49e-409a-9900-0b9b07e06612"" target=""_blank"" >4d305757 [ğŸ‡]</a>",CLOSED ğŸ”’,0.15,OP,1330,2000,0.665,0.665,429.6975,9/3/23 14:00,10/3/23 14:00,"<a href=""https://optimistic.etherscan.io/address/0x20c65b0c3840a1d9d43733bfe21fb2ab931b2454"" target=""_blank"" >0x20c6..ğŸ”—</a>",111,erc20,3/9/23 14:00
optimism,"<a href=""https://rabbithole.gg/quests?quest=31d2f856-e46b-4dbd-96df-641d07071b34"" target=""_blank"" >31d2f856 [ğŸ‡]</a>",CLOSED ğŸ”’,0.1,OP,400,1000,0.4,0.4,85.54,9/3/23 14:00,10/3/23 14:00,"<a href=""https://optimistic.etherscan.io/address/0x4e4049ee6b1f483e110159c93b60a6f68d542afa"" target=""_blank"" >0x4e40..ğŸ”—</a>",36,erc20,3/9/23 14:00
optimism,"<a href=""https://rabbithole.gg/quests?quest=5da760b9-5ab8-4c06-8726-6976efe6676d"" target=""_blank"" >5da760b9 [ğŸ‡]</a>",CLOSED ğŸ”’,0.1,OP,1043,2000,0.5215,0.5215,232.18,9/3/23 14:00,10/3/23 14:00,"<a href=""https://optimistic.etherscan.io/address/0x73137280cae9f75c290a4d7869275b535c3eae25"" target=""_blank"" >0x7313..ğŸ”—</a>",55,erc20,3/9/23 14:00
optimism,"<a href=""https://rabbithole.gg/quests?quest=3a1118ed-c0f9-4cb9-ac0f-b529df8bb344"" target=""_blank"" >3a1118ed [ğŸ‡]</a>",CLOSED ğŸ”’,0.1,OP,0,1,0,0,0,9/3/23 5:20,10/3/23 5:20,"<a href=""https://optimistic.etherscan.io/address/0x999c8270da437c978242af5da09f4f1c0ffa45fa"" target=""_blank"" >0x999c..ğŸ”—</a>",0,erc20,3/9/23 5:20
optimism,"<a href=""https://rabbithole.gg/quests?quest=a9afce20-20dc-4fff-a368-7708eb36e705"" target=""_blank"" >a9afce20 [ğŸ‡]</a>",CLOSED ğŸ”’,0.1,OP,1056,2000,0.528,0.528,224.536,8/3/23 14:00,9/3/23 14:00,"<a href=""https://optimistic.etherscan.io/address/0x038821dbb4299faf2b0ed23d44dd8da320215093"" target=""_blank"" >0x0388..ğŸ”—</a>",40,erc20,3/8/23 14:00
optimism,"<a href=""https://rabbithole.gg/quests?quest=dff6befe-9cdc-4947-ab8c-3ec8ec6f7d74"" target=""_blank"" >dff6befe [ğŸ‡]</a>",CLOSED ğŸ”’,0.15,OP,1488,2000,0.744,0.744,479.0175,8/3/23 14:00,9/3/23 14:00,"<a href=""https://optimistic.etherscan.io/address/0x3b37f0059ceb4d572ff47105c112589bb75a2f7e"" target=""_blank"" >0x3b37..ğŸ”—</a>",43,erc20,3/8/23 14:00
optimism,"<a href=""https://rabbithole.gg/quests?quest=88c0e193-bac5-417d-beaa-f4f97dc09d48"" target=""_blank"" >88c0e193 [ğŸ‡]</a>",CLOSED ğŸ”’,0.15,OP,1579,2000,0.7895,0.7895,551.397,7/3/23 14:00,8/3/23 14:00,"<a href=""https://optimistic.etherscan.io/address/0x1c83d2cea2fcbcfd98f5267b4dc53db492de74a3"" target=""_blank"" >0x1c83..ğŸ”—</a>",60,erc20,3/7/23 14:00
optimism,"<a href=""https://rabbithole.gg/quests?quest=6f552905-8a12-428d-b095-b110fb63a645"" target=""_blank"" >6f552905 [ğŸ‡]</a>",CLOSED ğŸ”’,0.1,OP,1204,2000,0.602,0.602,279.026,7/3/23 14:00,8/3/23 14:00,"<a href=""https://optimistic.etherscan.io/address/0x650cd0bba1784e5aca40b97bdb45cddbf6823b6b"" target=""_blank"" >0x650c..ğŸ”—</a>",51,erc20,3/7/23 14:00
optimism,"<a href=""https://rabbithole.gg/quests?quest=22990e5d-a38f-4750-beaf-aa422fa5b193"" target=""_blank"" >22990e5d [ğŸ‡]</a>",CLOSED ğŸ”’,0.15,OP,1613,2000,0.8065,0.8065,592.611,6/3/23 14:00,7/3/23 14:00,"<a href=""https://optimistic.etherscan.io/address/0xae52411e1ecd9e22eca6b274bc09fa2e4690df3f"" target=""_blank"" >0xae52..ğŸ”—</a>",39,erc20,3/6/23 14:00
optimism,"<a href=""https://rabbithole.gg/quests?quest=ceae434b-8845-40d5-a03f-2401f9706b11"" target=""_blank"" >ceae434b [ğŸ‡]</a>",CLOSED ğŸ”’,0.15,OP,1918,2000,0.959,0.959,704.808,6/3/23 14:00,7/3/23 14:00,"<a href=""https://optimistic.etherscan.io/address/0x8778137b825efe26c77db3b8df7b8b7e95d8ea3a"" target=""_blank"" >0x8778..ğŸ”—</a>",46,erc20,3/6/23 14:00
optimism,"<a href=""https://rabbithole.gg/quests?quest=c93e2e6f-91a5-4a0e-a418-d349b4e81d94"" target=""_blank"" >c93e2e6f [ğŸ‡]</a>",CLOSED ğŸ”’,0.15,OP,1840,2000,0.92,0.92,658.3785,5/3/23 14:00,6/3/23 14:00,"<a href=""https://optimistic.etherscan.io/address/0x802e5ba1fedeabc2ad6e546741a9f2e4be7ebb72"" target=""_blank"" >0x802e..ğŸ”—</a>",63,erc20,3/5/23 14:00
optimism,"<a href=""https://rabbithole.gg/quests?quest=566baeb2-ccf6-4ed8-9d83-923b33401cbb"" target=""_blank"" >566baeb2 [ğŸ‡]</a>",CLOSED ğŸ”’,0.15,OP,2000,2000,1,1,716.1765,5/3/23 14:00,6/3/23 14:00,"<a href=""https://optimistic.etherscan.io/address/0x890b21965e293dcf685e9900d2f9eccb7e470fc3"" target=""_blank"" >0x890b..ğŸ”—</a>",67,erc20,3/5/23 14:00
optimism,"<a href=""https://rabbithole.gg/quests?quest=66d3d317-b753-43da-bf85-854ab6d0b7b6"" target=""_blank"" >66d3d317 [ğŸ‡]</a>",CLOSED ğŸ”’,0.15,OP,2000,2000,1,1,678.7725,4/3/23 14:00,5/3/23 14:00,"<a href=""https://optimistic.etherscan.io/address/0xb6207181bb62fd0cf66dee9acd3cd0fcbbcface1"" target=""_blank"" >0xb620..ğŸ”—</a>",153,erc20,3/4/23 14:00
optimism,"<a href=""https://rabbithole.gg/quests?quest=2e177774-674b-4e0e-acde-ccf0d76af5a8"" target=""_blank"" >2e177774 [ğŸ‡]</a>",CLOSED ğŸ”’,0.15,OP,2000,2000,1,1,714.42,4/3/23 14:00,5/3/23 14:00,"<a href=""https://optimistic.etherscan.io/address/0x55b3a584e1fdbb5e97daae111b76ef5965f0b7d7"" target=""_blank"" >0x55b3..ğŸ”—</a>",56,erc20,3/4/23 14:00
optimism,"<a href=""https://rabbithole.gg/quests?quest=b01f5f2e-f28c-4359-9b08-f4178765a50e"" target=""_blank"" >b01f5f2e [ğŸ‡]</a>",CLOSED ğŸ”’,0.09,OP,1816,2000,0.908,0.908,398.601,3/3/23 14:00,4/3/23 14:00,"<a href=""https://optimistic.etherscan.io/address/0x8bfed1d39bd8c9b3ec62ba4c565d46e3eac6babc"" target=""_blank"" >0x8bfe..ğŸ”—</a>",106,erc20,3/3/23 14:00
optimism,"<a href=""https://rabbithole.gg/quests?quest=7131e5b2-5611-436e-94b5-b14931e7a8bd"" target=""_blank"" >7131e5b2 [ğŸ‡]</a>",CLOSED ğŸ”’,0.1,OP,1608,2000,0.804,0.804,398.083,3/3/23 14:00,4/3/23 14:00,"<a href=""https://optimistic.etherscan.io/address/0x730a54813dd2e3d713ddb9cb8ecf9073f3f88cef"" target=""_blank"" >0x730a..ğŸ”—</a>",71,erc20,3/3/23 14:00
optimism,"<a href=""https://rabbithole.gg/quests?quest=da66935c-80e2-4202-9c42-4ffb06cfc83b"" target=""_blank"" >da66935c [ğŸ‡]</a>",CLOSED ğŸ”’,0.1,OP,1616,2000,0.808,0.808,396.529,3/3/23 14:00,4/3/23 14:00,"<a href=""https://optimistic.etherscan.io/address/0x420026e4ea663a5db7f6961a4fd862da7ad95834"" target=""_blank"" >0x4200..ğŸ”—</a>",85,erc20,3/3/23 14:00
optimism,"<a href=""https://rabbithole.gg/quests?quest=4c3e56cf-4b36-4e3c-bafd-fce3b8a280ba"" target=""_blank"" >4c3e56cf [ğŸ‡]</a>",CLOSED ğŸ”’,0.1,OP,2000,2000,1,1,507.408,2/3/23 14:00,3/3/23 14:00,"<a href=""https://optimistic.etherscan.io/address/0x2ca5473e90eb865ef4de9b333dbbef57e0c9a48c"" target=""_blank"" >0x2ca5..ğŸ”—</a>",79,erc20,3/2/23 14:00
optimism,"<a href=""https://rabbithole.gg/quests?quest=7c545ba9-9f39-4849-bbde-5969ccdcb6a1"" target=""_blank"" >7c545ba9 [ğŸ‡]</a>",CLOSED ğŸ”’,0.1,OP,2000,2000,1,1,512.424,2/3/23 14:00,3/3/23 14:00,"<a href=""https://optimistic.etherscan.io/address/0xd9931d2b2268f2b3116734420e91c34d7dec4e15"" target=""_blank"" >0xd993..ğŸ”—</a>",59,erc20,3/2/23 14:00
optimism,"<a href=""https://rabbithole.gg/quests?quest=b1c41696-0cc3-435a-9087-9860170c421d"" target=""_blank"" >b1c41696 [ğŸ‡]</a>",CLOSED ğŸ”’,0.09,OP,2000,2000,1,1,411.048,2/3/23 14:00,3/3/23 14:00,"<a href=""https://optimistic.etherscan.io/address/0xe77e0a023f1e7036e46526262f11edec40602b7d"" target=""_blank"" >0xe77e..ğŸ”—</a>",270,erc20,3/2/23 14:00
optimism,"<a href=""https://rabbithole.gg/quests?quest=6835d305-4593-4934-a75c-4d2267f6ee3d"" target=""_blank"" >6835d305 [ğŸ‡]</a>",CLOSED ğŸ”’,0.1,OP,2000,2000,1,1,448.353,1/3/23 14:00,2/3/23 14:00,"<a href=""https://optimistic.etherscan.io/address/0xde423764b263abded82995c49ae34b429bafa41d"" target=""_blank"" >0xde42..ğŸ”—</a>",393,erc20,3/1/23 14:00
optimism,"<a href=""https://rabbithole.gg/quests?quest=0d0d1fd5-d8ba-41c9-9288-dcc1bb6ea9f3"" target=""_blank"" >0d0d1fd5 [ğŸ‡]</a>",CLOSED ğŸ”’,0.1,OP,2000,2000,1,1,541.818,1/3/23 14:00,2/3/23 14:00,"<a href=""https://optimistic.etherscan.io/address/0x9b7bae17f1673e7a0bff76a550fd22cd42606a9f"" target=""_blank"" >0x9b7b..ğŸ”—</a>",58,erc20,3/1/23 14:00
optimism,"<a href=""https://rabbithole.gg/quests?quest=438c2650-0ee2-47f7-96cc-b980edf102df"" target=""_blank"" >438c2650 [ğŸ‡]</a>",CLOSED ğŸ”’,0.1,OP,0,1,0,0,0,1/3/23 5:45,2/3/23 5:45,"<a href=""https://optimistic.etherscan.io/address/0x754fe424941946700dd8aeac972cd72f7787d015"" target=""_blank"" >0x754f..ğŸ”—</a>",0,erc20,3/1/23 5:45
optimism,"<a href=""https://rabbithole.gg/quests?quest=1b9bcc26-9dc0-431d-94f0-ee63862b8ca9"" target=""_blank"" >1b9bcc26 [ğŸ‡]</a>",CLOSED ğŸ”’,0.07,OP,1978,2000,0.989,0.989,382.5815,28-02-2023 13:00,1/3/23 13:00,"<a href=""https://optimistic.etherscan.io/address/0xc7fbc51b9162fdeb177d6615cbaacd63e1f4be84"" target=""_blank"" >0xc7fb..ğŸ”—</a>",33,erc20,2/28/23 13:00
optimism,"<a href=""https://rabbithole.gg/quests?quest=4fe350fb-d877-4598-8b37-8a0ae585423f"" target=""_blank"" >4fe350fb [ğŸ‡]</a>",CLOSED ğŸ”’,0.1,OP,1000,1000,1,1,276.223,28-02-2023 13:00,1/3/23 13:00,"<a href=""https://optimistic.etherscan.io/address/0x191cf5452d4bffdd849160d28b13a52229edeaec"" target=""_blank"" >0x191c..ğŸ”—</a>",17,erc20,2/28/23 13:00
optimism,"<a href=""https://rabbithole.gg/quests?quest=ba6faa24-8de5-4f07-8837-a627432cddb7"" target=""_blank"" >ba6faa24 [ğŸ‡]</a>",CLOSED ğŸ”’,0.1,OP,0,1,0,0,0,28-02-2023 06:55,1/3/23 6:55,"<a href=""https://optimistic.etherscan.io/address/0x90a571e9d6cf8eb843c4091c928f8ae4129aa34f"" target=""_blank"" >0x90a5..ğŸ”—</a>",0,erc20,2/28/23 6:55
optimism,"<a href=""https://rabbithole.gg/quests?quest=2630a715-1ee8-4c65-808d-31ec7aa3cdba"" target=""_blank"" >2630a715 [ğŸ‡]</a>",CLOSED ğŸ”’,0.07,OP,0,1,0,0,0,28-02-2023 06:35,1/3/23 6:35,"<a href=""https://optimistic.etherscan.io/address/0x9c6083417da91df79bf21e1d5ac227a2c48f1f08"" target=""_blank"" >0x9c60..ğŸ”—</a>",0,erc20,2/28/23 6:35
optimism,"<a href=""https://rabbithole.gg/quests?quest=d65e6102-e093-4d16-a63f-a087d5aae77c"" target=""_blank"" >d65e6102 [ğŸ‡]</a>",CLOSED ğŸ”’,0.07,OP,2000,2000,1,1,394.7944,26-02-2023 13:00,27-02-2023 13:10,"<a href=""https://optimistic.etherscan.io/address/0x766cfb7eec3b5170d3def49dbe1fe02b7268e942"" target=""_blank"" >0x766c..ğŸ”—</a>",28,erc20,2/26/23 13:00
optimism,"<a href=""https://rabbithole.gg/quests?quest=fc982438-28ba-4d2d-a606-5b38b240bcfe"" target=""_blank"" >fc982438 [ğŸ‡]</a>",CLOSED ğŸ”’,0.07,OP,1954,2000,0.977,0.977,389.088,25-02-2023 13:00,26-02-2023 13:10,"<a href=""https://optimistic.etherscan.io/address/0xb84228f921dbaf1fff7ba4cf7495a5da67962e00"" target=""_blank"" >0xb842..ğŸ”—</a>",24,erc20,2/25/23 13:00
optimism,"<a href=""https://rabbithole.gg/quests?quest=3bfa3a8a-c3b8-4a73-8a08-6ba8d2ffea02"" target=""_blank"" >3bfa3a8a [ğŸ‡]</a>",CLOSED ğŸ”’,0.08,OP,1000,1000,1,1,231.84,24-02-2023 13:00,25-02-2023 13:10,"<a href=""https://optimistic.etherscan.io/address/0x7fb510da444641c7fcb48cad40c700143fec89ed"" target=""_blank"" >0x7fb5..ğŸ”—</a>",34,erc20,2/24/23 13:00
optimism,"<a href=""https://rabbithole.gg/quests?quest=6d22c45b-f997-4de7-9afe-6b71791fc1c1"" target=""_blank"" >6d22c45b [ğŸ‡]</a>",CLOSED ğŸ”’,0.08,OP,0,1,0,0,0,24-02-2023 09:00,25-02-2023 09:10,"<a href=""https://optimistic.etherscan.io/address/0xa002f34247e462b74c1c86027f2ea5d4ebd08aa1"" target=""_blank"" >0xa002..ğŸ”—</a>",0,erc20,2/24/23 9:00
optimism,"<a href=""https://rabbithole.gg/quests?quest=252f8e8c-a540-4d52-b6dc-57a05af4ca2d"" target=""_blank"" >252f8e8c [ğŸ‡]</a>",CLOSED ğŸ”’,0.5,OP,13443,15000,0.8962,0.8962,18505.07,18-02-2023 23:45,22-02-2023 22:00,"<a href=""https://optimistic.etherscan.io/address/0xfc7c21de9c9d433bc3e9a84844fd5e30e1a0b5ad"" target=""_blank"" >0xfc7c..ğŸ”—</a>",130,erc20,2/18/23 23:45
optimism,"<a href=""https://rabbithole.gg/quests?quest=32c7fac1-3516-4021-996f-6d0f13f65727"" target=""_blank"" >32c7fac1 [ğŸ‡]</a>",CLOSED ğŸ”’,0.5,OP,9784,15000,0.652266667,0.652266667,13631.31,18-02-2023 00:10,22-02-2023 11:00,"<a href=""https://optimistic.etherscan.io/address/0x48fd1c538de3f358215b9251b83bd8f10a738a16"" target=""_blank"" >0x48fd..ğŸ”—</a>",82,erc20,2/18/23 0:10
optimism,"<a href=""https://rabbithole.gg/quests?quest=e8c6d921-0257-4d8c-9ef5-8542609eba2d"" target=""_blank"" >e8c6d921 [ğŸ‡]</a>",CLOSED ğŸ”’,0.01,OP,4,21,0.19047619,0.19047619,0.1124,17-02-2023 22:35,23-02-2023 22:00,"<a href=""https://optimistic.etherscan.io/address/0x0310ad9ce48a9b7038d311ea9af04a13ed02babb"" target=""_blank"" >0x0310..ğŸ”—</a>",0,erc20,2/17/23 22:35
ethereum,"<a href=""https://rabbithole.gg/quests?quest=216b83da-6053-4ef5-aeaf-850d337d0b68"" target=""_blank"" >216b83da [ğŸ‡]</a>",CLOSED ğŸ”’,0.2,LDO,4830,15000,0.322,0.322,1788.14,16-02-2023 00:30,24-02-2023 05:00,"<a href=""https://etherscan.io/address/0x819b6cb7e050c80c6a2a4b8d3ebba146a11469eb"" target=""_blank"" >0x819b..ğŸ”—</a>",1747,erc20,2/16/23 0:30
optimism,"<a href=""https://rabbithole.gg/quests?quest=27fb85a3-f564-4e1e-9dd4-4558a82b69aa"" target=""_blank"" >27fb85a3 [ğŸ‡]</a>",CLOSED ğŸ”’,1,OP,5000,5000,1,1,13934.92,15-02-2023 22:45,22-02-2023 05:00,"<a href=""https://optimistic.etherscan.io/address/0x819b6cb7e050c80c6a2a4b8d3ebba146a11469eb"" target=""_blank"" >0x819b..ğŸ”—</a>",76,erc20,2/15/23 22:45